bse_code,Security Name,Security Group,Open,High,Low,LTP,No. of Shares Traded,Total Turnover (my image Lac),No. of Trades,report link
500830,COLPAL,A,3759.65,3759.65,3638.0,3641.75,2277,83.8,627,https://www.bseindia.com/stock-share-price/colpal/colpal/500830/financials-annual-reports/
500260,RAMCOCEM,A,862.1,872.5,856.85,863.05,9640,83.35,828,https://www.bseindia.com/stock-share-price/ramcocem/ramcocem/500260/financials-annual-reports/
532156,VAIBHAVGBL,A,304.85,304.85,299.0,300.1,27492,82.7,1032,https://www.bseindia.com/stock-share-price/vaibhavgbl/vaibhavgbl/532156/financials-annual-reports/
532843,FORTIS,A,611.65,622.3,610.0,614.0,13390,82.43,667,https://www.bseindia.com/stock-share-price/fortis/fortis/532843/financials-annual-reports/
532762,ACE,A,1365.95,1365.95,1343.05,1346.45,6059,81.94,663,https://www.bseindia.com/stock-share-price/ace/ace/532762/financials-annual-reports/
543523,CAMPUS,A,318.5,322.9,313.0,314.25,25420,80.45,1034,https://www.bseindia.com/stock-share-price/campus/campus/543523/financials-annual-reports/
543228,ROUTE,A,1559.95,1574.0,1538.8,1563.6,5128,79.72,643,https://www.bseindia.com/stock-share-price/route/route/543228/financials-annual-reports/
531599,FDC,A,536.2,552.0,526.0,542.8,14616,79.33,569,https://www.bseindia.com/stock-share-price/fdc/fdc/531599/financials-annual-reports/
532814,INDIANB,A,535.95,535.95,521.55,524.1,14986,78.84,797,https://www.bseindia.com/stock-share-price/indianb/indianb/532814/financials-annual-reports/
532976,JAIBALAJI,B,1120.65,1176.6,1120.6,1145.6,6791,78.44,635,https://www.bseindia.com/stock-share-price/jaibalaji/jaibalaji/532976/financials-annual-reports/
526612,BLUEDART,A,8738.9,8738.9,8485.25,8542.95,911,78.05,229,https://www.bseindia.com/stock-share-price/bluedart/bluedart/526612/financials-annual-reports/
543426,METROBRAND,A,1249.0,1249.0,1206.1,1208.8,6359,77.8,715,https://www.bseindia.com/stock-share-price/metrobrand/metrobrand/543426/financials-annual-reports/
505255,GMMPFAUDLR,A,1380.85,1401.95,1363.0,1399.45,5462,75.28,719,https://www.bseindia.com/stock-share-price/gmmpfaudlr/gmmpfaudlr/505255/financials-annual-reports/
532209,J&KBANK,A,99.85,101.6,99.2,99.35,73844,73.91,681,https://www.bseindia.com/stock-share-price/j&kbank/j&kbank/532209/financials-annual-reports/
530813,KRBL,A,290.85,290.85,284.45,285.55,25375,72.79,1031,https://www.bseindia.com/stock-share-price/krbl/krbl/530813/financials-annual-reports/
532424,GODREJCP,A,1348.8,1351.55,1313.9,1316.3,5453,72.43,850,https://www.bseindia.com/stock-share-price/godrejcp/godrejcp/532424/financials-annual-reports/
542907,PRINCEPIPE,A,547.2,552.45,546.0,549.55,12859,70.48,1238,https://www.bseindia.com/stock-share-price/princepipe/princepipe/542907/financials-annual-reports/
500878,CEATLTD,A,3081.1,3081.1,2972.0,2984.15,2338,70.44,451,https://www.bseindia.com/stock-share-price/ceatltd/ceatltd/500878/financials-annual-reports/
543299,SHYAMMETL,A,933.0,944.85,922.5,928.05,7520,70.22,617,https://www.bseindia.com/stock-share-price/shyammetl/shyammetl/543299/financials-annual-reports/
541578,VARROC,A,578.05,586.4,573.9,584.25,12031,69.89,664,https://www.bseindia.com/stock-share-price/varroc/varroc/541578/financials-annual-reports/
502355,BALKRISIND,A,3046.1,3069.2,3021.3,3060.85,2285,69.56,517,https://www.bseindia.com/stock-share-price/balkrisind/balkrisind/502355/financials-annual-reports/
543768,NSLNISP,A,50.78,51.63,50.78,50.87,135897,69.42,981,https://www.bseindia.com/stock-share-price/nslnisp/nslnisp/543768/financials-annual-reports/
517174,HONAUT,A,49539.75,50500.0,49539.75,50061.25,138,69.2,94,https://www.bseindia.com/stock-share-price/honaut/honaut/517174/financials-annual-reports/
543427,MEDPLUS,A,652.0,666.85,648.75,662.85,10323,67.73,847,https://www.bseindia.com/stock-share-price/medplus/medplus/543427/financials-annual-reports/
543336,CHEMPLASTS,A,490.4,520.0,490.4,502.3,13107,66.66,871,https://www.bseindia.com/stock-share-price/chemplasts/chemplasts/543336/financials-annual-reports/
532926,JYOTHYLAB,A,540.25,540.25,528.05,534.6,12290,65.48,980,https://www.bseindia.com/stock-share-price/jyothylab/jyothylab/532926/financials-annual-reports/
541179,ISEC,A,866.95,866.95,836.85,842.4,7720,65.21,720,https://www.bseindia.com/stock-share-price/isec/isec/541179/financials-annual-reports/
522113,TIMKEN,A,3750.2,3797.0,3716.25,3733.6,1720,64.65,534,https://www.bseindia.com/stock-share-price/timken/timken/522113/financials-annual-reports/
506285,BAYERCROP,A,6812.1,6844.55,6675.0,6736.85,936,63.32,279,https://www.bseindia.com/stock-share-price/bayercrop/bayercrop/506285/financials-annual-reports/
532548,CENTURYPLY,A,882.0,903.0,869.3,897.75,7004,62.39,1010,https://www.bseindia.com/stock-share-price/centuryply/centuryply/532548/financials-annual-reports/
543238,UTIAMC,A,1257.95,1259.15,1226.3,1231.0,5010,62.3,546,https://www.bseindia.com/stock-share-price/utiamc/utiamc/543238/financials-annual-reports/
543657,ACI,A,680.05,690.35,668.55,671.2,9152,62.04,559,https://www.bseindia.com/stock-share-price/aci/aci/543657/financials-annual-reports/
511196,CANFINHOME,A,875.0,876.0,854.45,857.35,7162,61.89,642,https://www.bseindia.com/stock-share-price/canfinhome/canfinhome/511196/financials-annual-reports/
505790,SCHAEFFLER,A,3900.0,3911.95,3833.75,3863.9,1595,61.63,623,https://www.bseindia.com/stock-share-price/schaeffler/schaeffler/505790/financials-annual-reports/
506767,ALKYLAMINE,A,2250.0,2348.0,2250.0,2296.6,2621,60.75,361,https://www.bseindia.com/stock-share-price/alkylamine/alkylamine/506767/financials-annual-reports/
542726,INDIAMART,A,3028.95,3028.95,2983.8,2991.05,2006,60.22,540,https://www.bseindia.com/stock-share-price/indiamart/indiamart/542726/financials-annual-reports/
542867,CSBBANK,A,315.9,316.75,309.4,311.5,19223,60.19,986,https://www.bseindia.com/stock-share-price/csbbank/csbbank/542867/financials-annual-reports/
532504,NAVINFLUOR,A,3394.3,3435.0,3376.2,3390.6,1762,59.9,445,https://www.bseindia.com/stock-share-price/navinfluor/navinfluor/532504/financials-annual-reports/
542650,METROPOLIS,A,2301.15,2306.85,2227.0,2257.15,2615,59.11,641,https://www.bseindia.com/stock-share-price/metropolis/metropolis/542650/financials-annual-reports/
500335,BIRLACORPN,A,1250.0,1260.05,1223.1,1229.9,4783,59.07,688,https://www.bseindia.com/stock-share-price/birlacorpn/birlacorpn/500335/financials-annual-reports/
532953,VGUARD,A,438.45,443.0,435.1,441.5,13171,57.96,861,https://www.bseindia.com/stock-share-price/vguard/vguard/532953/financials-annual-reports/
523704,MASTEK,A,2715.0,2746.0,2693.5,2697.9,2121,57.82,416,https://www.bseindia.com/stock-share-price/mastek/mastek/523704/financials-annual-reports/
540769,NIACL,A,218.0,218.0,210.15,211.4,26803,57.0,755,https://www.bseindia.com/stock-share-price/niacl/niacl/540769/financials-annual-reports/
532714,KEC,A,1027.5,1027.5,1007.3,1016.8,5557,56.55,510,https://www.bseindia.com/stock-share-price/kec/kec/532714/financials-annual-reports/
532805,REDINGTON,A,185.0,186.9,181.6,182.0,30084,55.11,581,https://www.bseindia.com/stock-share-price/redington/redington/532805/financials-annual-reports/
540133,ICICIPRULI,A,754.0,759.65,743.35,745.8,7324,54.9,674,https://www.bseindia.com/stock-share-price/icicipruli/icicipruli/540133/financials-annual-reports/
506076,GRINDWELL,A,2380.1,2454.0,2380.1,2448.15,2256,54.83,508,https://www.bseindia.com/stock-share-price/grindwell/grindwell/506076/financials-annual-reports/
544162,BHARTIHEXA,B,1452.0,1454.3,1432.85,1438.35,3799,54.82,339,https://www.bseindia.com/stock-share-price/bhartihexa/bhartihexa/544162/financials-annual-reports/
531335,ZYDUSWELL,A,1935.0,1972.45,1933.75,1964.05,2792,54.57,595,https://www.bseindia.com/stock-share-price/zyduswell/zyduswell/531335/financials-annual-reports/
540755,GICRE,A,391.55,391.55,386.0,389.4,13845,53.79,616,https://www.bseindia.com/stock-share-price/gicre/gicre/540755/financials-annual-reports/
500266,MAHSCOOTER,A,11418.15,11563.05,11216.0,11266.05,455,51.83,246,https://www.bseindia.com/stock-share-price/mahscooter/mahscooter/500266/financials-annual-reports/
538835,INTELLECT,A,911.85,911.85,880.45,884.05,5796,51.74,795,https://www.bseindia.com/stock-share-price/intellect/intellect/538835/financials-annual-reports/
534076,RHIM,A,588.05,603.25,586.3,587.55,8431,50.03,647,https://www.bseindia.com/stock-share-price/rhim/rhim/534076/financials-annual-reports/
532733,SUNTV,A,824.55,824.55,788.0,790.5,6179,49.24,598,https://www.bseindia.com/stock-share-price/suntv/suntv/532733/financials-annual-reports/
532313,MAHLIFE,A,513.0,513.0,493.3,494.9,9669,48.5,513,https://www.bseindia.com/stock-share-price/mahlife/mahlife/532313/financials-annual-reports/
512179,SUNTECK,A,575.0,575.0,562.55,563.65,8436,47.77,526,https://www.bseindia.com/stock-share-price/sunteck/sunteck/512179/financials-annual-reports/
543960,CONCORDBIO,A,1983.95,1983.95,1875.0,1879.0,2450,46.62,365,https://www.bseindia.com/stock-share-price/concordbio/concordbio/543960/financials-annual-reports/
543271,JUBLINGREA,A,740.0,745.8,729.85,732.65,6314,46.42,357,https://www.bseindia.com/stock-share-price/jublingrea/jublingrea/543271/financials-annual-reports/
500271,MFSL,A,1203.4,1208.95,1182.0,1183.55,3886,46.4,506,https://www.bseindia.com/stock-share-price/mfsl/mfsl/500271/financials-annual-reports/
523395,3MINDIA,A,35127.95,35249.0,34300.0,34388.5,130,45.14,102,https://www.bseindia.com/stock-share-price/3mindia/3mindia/523395/financials-annual-reports/
540716,ICICIGI,A,2104.3,2125.45,2074.6,2080.9,2153,45.0,472,https://www.bseindia.com/stock-share-price/icicigi/icicigi/540716/financials-annual-reports/
543397,SAPPHIRE,A,364.0,364.0,346.45,357.3,12674,44.62,510,https://www.bseindia.com/stock-share-price/sapphire/sapphire/543397/financials-annual-reports/
543308,KIMS,A,535.55,543.8,528.0,541.65,8244,44.29,630,https://www.bseindia.com/stock-share-price/kims/kims/543308/financials-annual-reports/
500133,ESABINDIA,A,5920.1,6265.0,5920.1,6213.6,714,44.17,266,https://www.bseindia.com/stock-share-price/esabindia/esabindia/500133/financials-annual-reports/
543374,ABSLAMC,A,710.0,710.0,695.0,695.95,6286,44.1,575,https://www.bseindia.com/stock-share-price/abslamc/abslamc/543374/financials-annual-reports/
543463,MANYAVAR,A,1315.05,1336.1,1289.75,1298.7,3371,43.93,389,https://www.bseindia.com/stock-share-price/manyavar/manyavar/543463/financials-annual-reports/
507815,GILLETTE,A,8996.65,9074.05,8911.75,8947.95,484,43.68,155,https://www.bseindia.com/stock-share-price/gillette/gillette/507815/financials-annual-reports/
544012,CELLO,B,924.0,924.0,880.65,891.7,4799,42.83,513,https://www.bseindia.com/stock-share-price/cello/cello/544012/financials-annual-reports/
539978,QUESS,A,734.65,766.85,725.75,727.45,5757,42.56,714,https://www.bseindia.com/stock-share-price/quess/quess/539978/financials-annual-reports/
500660,GLAXO,A,2844.05,2887.65,2753.0,2759.6,1484,41.75,367,https://www.bseindia.com/stock-share-price/glaxo/glaxo/500660/financials-annual-reports/
522074,ELGIEQUIP,A,673.05,673.65,663.2,666.5,6104,40.71,555,https://www.bseindia.com/stock-share-price/elgiequip/elgiequip/522074/financials-annual-reports/
540935,GALAXYSURF,A,2902.0,3030.0,2896.5,2979.3,1358,40.23,460,https://www.bseindia.com/stock-share-price/galaxysurf/galaxysurf/540935/financials-annual-reports/
522287,KPIL,A,1350.1,1350.1,1315.0,1324.5,3015,40.13,426,https://www.bseindia.com/stock-share-price/kpil/kpil/522287/financials-annual-reports/
543398,LATENTVIEW,A,470.15,474.3,465.45,468.95,8264,38.86,461,https://www.bseindia.com/stock-share-price/latentview/latentview/543398/financials-annual-reports/
540743,GODREJAGRO,A,753.65,766.0,749.0,759.95,5077,38.58,602,https://www.bseindia.com/stock-share-price/godrejagro/godrejagro/540743/financials-annual-reports/
530517,RELAXO,A,785.0,804.6,785.0,801.2,4789,38.25,670,https://www.bseindia.com/stock-share-price/relaxo/relaxo/530517/financials-annual-reports/
500165,KANSAINER,A,297.25,297.25,290.5,291.3,12826,37.54,623,https://www.bseindia.com/stock-share-price/kansainer/kansainer/500165/financials-annual-reports/
532927,ECLERX,A,3109.15,3143.95,3059.3,3070.7,1200,37.19,254,https://www.bseindia.com/stock-share-price/eclerx/eclerx/532927/financials-annual-reports/
543524,RAINBOW,A,1395.7,1415.3,1390.4,1400.1,2641,37.05,296,https://www.bseindia.com/stock-share-price/rainbow/rainbow/543524/financials-annual-reports/
500092,CRISIL,A,4600.0,4600.0,4462.65,4505.8,809,36.34,269,https://www.bseindia.com/stock-share-price/crisil/crisil/500092/financials-annual-reports/
542399,CHALET,A,880.0,895.9,880.0,884.4,4054,36.07,445,https://www.bseindia.com/stock-share-price/chalet/chalet/542399/financials-annual-reports/
500164,GODREJIND,A,1104.0,1133.05,1095.0,1100.0,3058,34.14,368,https://www.bseindia.com/stock-share-price/godrejind/godrejind/500164/financials-annual-reports/
500252,LMW,A,14500.0,17677.8,14500.0,16971.45,200,33.91,116,https://www.bseindia.com/stock-share-price/lmw/lmw/500252/financials-annual-reports/
532478,UBL,A,2132.9,2132.9,2056.5,2084.05,1627,33.78,280,https://www.bseindia.com/stock-share-price/ubl/ubl/532478/financials-annual-reports/
513375,CARBORUNIV,A,1450.0,1470.0,1442.45,1465.0,2310,33.75,497,https://www.bseindia.com/stock-share-price/carboruniv/carboruniv/513375/financials-annual-reports/
524200,VINATIORGA,A,2000.9,2009.95,1960.0,1964.45,1701,33.68,229,https://www.bseindia.com/stock-share-price/vinatiorga/vinatiorga/524200/financials-annual-reports/
530999,BALAMINES,A,2240.4,2268.05,2226.0,2240.35,1482,33.29,314,https://www.bseindia.com/stock-share-price/balamines/balamines/530999/financials-annual-reports/
538962,MINDACORP,A,580.1,592.05,578.85,580.85,5581,32.69,313,https://www.bseindia.com/stock-share-price/mindacorp/mindacorp/538962/financials-annual-reports/
500459,PGHH,A,16880.0,17000.0,16637.1,16750.0,187,31.6,136,https://www.bseindia.com/stock-share-price/pghh/pghh/500459/financials-annual-reports/
532872,SPARC,A,209.95,209.95,205.45,206.0,15053,31.21,680,https://www.bseindia.com/stock-share-price/sparc/sparc/532872/financials-annual-reports/
544081,JYOTICNC,B,1105.15,1136.5,1105.15,1124.8,2787,31.19,239,https://www.bseindia.com/stock-share-price/jyoticnc/jyoticnc/544081/financials-annual-reports/
540575,STARCEMENT,A,209.8,211.2,207.55,210.25,14789,30.99,403,https://www.bseindia.com/stock-share-price/starcement/starcement/540575/financials-annual-reports/
542216,DALBHARAT,A,1850.0,1863.85,1837.7,1848.55,1660,30.74,335,https://www.bseindia.com/stock-share-price/dalbharat/dalbharat/542216/financials-annual-reports/
532889,KPRMILL,A,950.05,957.85,935.55,938.65,3264,30.74,287,https://www.bseindia.com/stock-share-price/kprmill/kprmill/532889/financials-annual-reports/
532468,KAMAHOLD,A,2638.0,2639.0,2599.0,2603.3,1177,30.68,150,https://www.bseindia.com/stock-share-price/kamahold/kamahold/532468/financials-annual-reports/
515030,ASAHIINDIA,A,749.95,757.1,742.0,744.95,3824,28.63,303,https://www.bseindia.com/stock-share-price/asahiindia/asahiindia/515030/financials-annual-reports/
532683,AIAENG,A,4120.0,4135.0,4090.0,4093.4,689,28.31,251,https://www.bseindia.com/stock-share-price/aiaeng/aiaeng/532683/financials-annual-reports/
532638,SHOPERSTOP,A,797.0,797.0,762.2,775.05,3641,28.15,373,https://www.bseindia.com/stock-share-price/shoperstop/shoperstop/532638/financials-annual-reports/
532756,CIEINDIA,A,543.0,549.05,542.15,545.1,5077,27.68,366,https://www.bseindia.com/stock-share-price/cieindia/cieindia/532756/financials-annual-reports/
531768,POLYMED,A,2345.0,2387.65,2318.0,2371.3,1170,27.62,297,https://www.bseindia.com/stock-share-price/polymed/polymed/531768/financials-annual-reports/
500003,AEGISLOG,A,699.1,705.0,687.7,692.0,3910,27.2,397,https://www.bseindia.com/stock-share-price/aegislog/aegislog/500003/financials-annual-reports/
500488,ABBOTINDIA,A,28640.0,28749.3,28333.75,28374.45,95,27.11,84,https://www.bseindia.com/stock-share-price/abbotindia/abbotindia/500488/financials-annual-reports/
519600,CCL,A,660.0,687.0,660.0,677.4,3978,26.94,418,https://www.bseindia.com/stock-share-price/ccl/ccl/519600/financials-annual-reports/
540203,SFL,A,921.65,923.25,910.0,915.8,2894,26.57,246,https://www.bseindia.com/stock-share-price/sfl/sfl/540203/financials-annual-reports/
543245,GLAND,A,1700.15,1715.25,1695.0,1700.55,1443,24.56,389,https://www.bseindia.com/stock-share-price/gland/gland/543245/financials-annual-reports/
509557,GARFIBRES,A,3868.05,4035.45,3866.45,4020.5,605,24.05,254,https://www.bseindia.com/stock-share-price/garfibres/garfibres/509557/financials-annual-reports/
520111,RATNAMANI,A,3550.1,3571.15,3515.0,3541.9,675,23.86,258,https://www.bseindia.com/stock-share-price/ratnamani/ratnamani/520111/financials-annual-reports/
500405,SPLPETRO,A,784.0,807.45,780.9,797.15,2943,23.4,303,https://www.bseindia.com/stock-share-price/splpetro/splpetro/500405/financials-annual-reports/
500403,SUNDRMFAST,A,1438.1,1474.95,1438.1,1448.05,1593,23.26,403,https://www.bseindia.com/stock-share-price/sundrmfast/sundrmfast/500403/financials-annual-reports/
531500,RAJESHEXPO,A,277.0,281.55,276.05,276.75,8316,23.18,504,https://www.bseindia.com/stock-share-price/rajeshexpo/rajeshexpo/531500/financials-annual-reports/
500233,KAJARIACER,A,1432.0,1432.0,1387.2,1390.9,1628,22.82,307,https://www.bseindia.com/stock-share-price/kajariacer/kajariacer/500233/financials-annual-reports/
543981,RRKABEL,A,1736.6,1751.9,1708.45,1724.8,1316,22.76,240,https://www.bseindia.com/stock-share-price/rrkabel/rrkabel/543981/financials-annual-reports/
543596,TMB,A,456.5,456.5,448.85,451.8,4871,22.02,572,https://www.bseindia.com/stock-share-price/tmb/tmb/543596/financials-annual-reports/
517506,TTKPRESTIG,A,879.5,887.25,872.0,873.95,2442,21.47,389,https://www.bseindia.com/stock-share-price/ttkprestig/ttkprestig/517506/financials-annual-reports/
502986,VTL,A,472.95,472.95,464.15,467.5,4566,21.31,280,https://www.bseindia.com/stock-share-price/vtl/vtl/502986/financials-annual-reports/
540680,KIOCL,A,378.9,378.9,363.85,365.5,5694,20.96,345,https://www.bseindia.com/stock-share-price/kiocl/kiocl/540680/financials-annual-reports/
531531,HATSUN,A,1112.25,1153.1,1112.25,1134.6,1815,20.69,198,https://www.bseindia.com/stock-share-price/hatsun/hatsun/531531/financials-annual-reports/
533295,PSB,B,52.33,53.19,52.15,52.29,33729,17.7,538,https://www.bseindia.com/stock-share-price/psb/psb/533295/financials-annual-reports/
523367,DCMSHRIRAM,A,1015.0,1026.1,1008.5,1012.85,1693,17.2,258,https://www.bseindia.com/stock-share-price/dcmshriram/dcmshriram/523367/financials-annual-reports/
540153,ENDURANCE,A,2339.95,2355.7,2296.8,2331.8,733,17.06,228,https://www.bseindia.com/stock-share-price/endurance/endurance/540153/financials-annual-reports/
541557,FINEORG,A,5160.55,5181.15,5110.6,5142.65,319,16.4,123,https://www.bseindia.com/stock-share-price/fineorg/fineorg/541557/financials-annual-reports/
543534,AETHER,A,949.7,977.0,946.1,967.1,1568,15.12,179,https://www.bseindia.com/stock-share-price/aether/aether/543534/financials-annual-reports/
533088,MHRIL,A,390.1,395.9,390.1,393.65,3721,14.63,228,https://www.bseindia.com/stock-share-price/mhril/mhril/533088/financials-annual-reports/
500249,KSB,A,892.35,896.95,885.0,893.95,1602,14.26,203,https://www.bseindia.com/stock-share-price/ksb/ksb/500249/financials-annual-reports/
543334,NUVOCO,A,360.95,360.95,355.25,358.5,3842,13.73,184,https://www.bseindia.com/stock-share-price/nuvoco/nuvoco/543334/financials-annual-reports/
532443,CERA,A,7930.05,8017.75,7890.0,8003.75,162,12.93,109,https://www.bseindia.com/stock-share-price/cera/cera/532443/financials-annual-reports/
505533,WESTLIFE,A,895.0,916.75,895.0,900.6,1201,10.83,115,https://www.bseindia.com/stock-share-price/westlife/westlife/505533/financials-annual-reports/
531595,CGCL,A,201.95,202.4,198.9,199.45,2528,5.07,125,https://www.bseindia.com/stock-share-price/cgcl/cgcl/531595/financials-annual-reports/
543275,ANURAS,A,738.7,740.6,731.0,733.8,546,4.02,70,https://www.bseindia.com/stock-share-price/anuras/anuras/543275/financials-annual-reports/
500126,PGHL,A,5311.95,5311.95,5275.0,5287.6,64,3.39,40,https://www.bseindia.com/stock-share-price/pghl/pghl/500126/financials-annual-reports/
531543,JINDWORLD,A,326.0,326.25,320.1,321.55,923,2.97,127,https://www.bseindia.com/stock-share-price/jindworld/jindworld/531543/financials-annual-reports/
543237,MAZDOCK,A,4135.5,4510.0,4135.5,4431.1,310362,13579.51,25297,https://www.bseindia.com/stock-share-price/mazdock/mazdock/543237/financials-annual-reports/
500570,TATAMOTORS,A,933.05,943.95,911.15,928.85,1285261,11980.33,46754,https://www.bseindia.com/stock-share-price/tatamotors/tatamotors/500570/financials-annual-reports/
500325,RELIANCE,A,2764.35,2772.0,2740.0,2742.05,365450,10056.52,27678,https://www.bseindia.com/stock-share-price/reliance/reliance/500325/financials-annual-reports/
500400,TATAPOWER,A,457.05,477.8,455.9,465.5,1817059,8514.23,43113,https://www.bseindia.com/stock-share-price/tatapower/tatapower/500400/financials-annual-reports/
532286,JINDALSTEL,A,1005.0,1031.0,986.2,990.8,771124,7814.13,2031,https://www.bseindia.com/stock-share-price/jindalstel/jindalstel/532286/financials-annual-reports/
541729,HDFCAMC,A,4383.95,4441.0,4343.7,4405.8,167942,7450.27,4421,https://www.bseindia.com/stock-share-price/hdfcamc/hdfcamc/541729/financials-annual-reports/
501301,TATAINVEST,A,6456.15,7534.9,6455.85,6924.4,82000,5916.58,15079,https://www.bseindia.com/stock-share-price/tatainvest/tatainvest/501301/financials-annual-reports/
500770,TATACHEM,A,1145.0,1200.0,1133.1,1150.6,496282,5770.02,23174,https://www.bseindia.com/stock-share-price/tatachem/tatachem/500770/financials-annual-reports/
500493,BHARATFORG,A,1529.95,1529.95,1489.25,1500.65,363278,5483.18,8913,https://www.bseindia.com/stock-share-price/bharatforg/bharatforg/500493/financials-annual-reports/
500180,HDFCBANK,A,1643.0,1665.0,1633.0,1662.3,314242,5177.99,13922,https://www.bseindia.com/stock-share-price/hdfcbank/hdfcbank/500180/financials-annual-reports/
544026,IREDA,B,233.95,237.0,231.6,233.75,2039386,4774.31,22216,https://www.bseindia.com/stock-share-price/ireda/ireda/544026/financials-annual-reports/
500470,TATASTEEL,A,157.35,161.2,156.5,159.65,2539479,4052.94,17829,https://www.bseindia.com/stock-share-price/tatasteel/tatasteel/500470/financials-annual-reports/
532667,SUZLON,A,77.59,77.88,74.64,75.51,5322469,4037.45,26403,https://www.bseindia.com/stock-share-price/suzlon/suzlon/532667/financials-annual-reports/
500049,BEL,A,284.0,289.6,283.4,286.85,1388362,3984.11,24458,https://www.bseindia.com/stock-share-price/bel/bel/500049/financials-annual-reports/
500875,ITC,A,495.7,495.7,489.55,492.0,757543,3736.81,20769,https://www.bseindia.com/stock-share-price/itc/itc/500875/financials-annual-reports/
543396,PAYTM,A,743.05,756.45,726.4,731.7,475562,3524.1,10311,https://www.bseindia.com/stock-share-price/paytm/paytm/543396/financials-annual-reports/
500295,VEDL,A,487.0,499.3,487.0,492.3,697621,3438.85,15254,https://www.bseindia.com/stock-share-price/vedl/vedl/500295/financials-annual-reports/
543320,ZOMATO,A,280.95,282.15,274.1,275.15,1228361,3406.26,12135,https://www.bseindia.com/stock-share-price/zomato/zomato/543320/financials-annual-reports/
507685,WIPRO,A,535.0,537.3,523.35,524.9,633893,3358.68,19876,https://www.bseindia.com/stock-share-price/wipro/wipro/507685/financials-annual-reports/
532539,UNOMINDA,A,1023.9,1023.9,995.0,1002.6,327070,3271.65,2563,https://www.bseindia.com/stock-share-price/unominda/unominda/532539/financials-annual-reports/
543664,KAYNES,A,5417.95,5740.0,5350.0,5536.45,55115,3063.5,6789,https://www.bseindia.com/stock-share-price/kaynes/kaynes/543664/financials-annual-reports/
500790,NESTLEIND,A,2535.0,2535.0,2503.0,2512.25,117659,2959.48,7971,https://www.bseindia.com/stock-share-price/nestleind/nestleind/500790/financials-annual-reports/
540699,DIXON,A,14858.05,15100.0,14820.0,14927.25,18440,2761.7,4859,https://www.bseindia.com/stock-share-price/dixon/dixon/540699/financials-annual-reports/
541154,HAL,A,4409.95,4537.5,4365.45,4481.1,61191,2734.71,6562,https://www.bseindia.com/stock-share-price/hal/hal/541154/financials-annual-reports/
500520,M&M,A,3167.8,3219.2,3155.15,3193.4,83966,2682.1,5689,https://www.bseindia.com/stock-share-price/m&m/m&m/500520/financials-annual-reports/
500209,INFY,A,1969.9,1969.9,1914.25,1919.05,133629,2585.84,8105,https://www.bseindia.com/stock-share-price/infy/infy/500209/financials-annual-reports/
532955,RECLTD,A,535.05,550.35,535.05,544.15,472520,2568.14,7116,https://www.bseindia.com/stock-share-price/recltd/recltd/532955/financials-annual-reports/
532555,NTPC,A,420.7,429.85,420.7,423.0,562893,2393.39,12581,https://www.bseindia.com/stock-share-price/ntpc/ntpc/532555/financials-annual-reports/
517334,MOTHERSON,A,207.05,215.0,207.05,210.0,1114367,2364.97,8997,https://www.bseindia.com/stock-share-price/motherson/motherson/517334/financials-annual-reports/
500093,CGPOWER,A,804.75,845.0,803.3,842.05,283432,2346.04,9121,https://www.bseindia.com/stock-share-price/cgpower/cgpower/500093/financials-annual-reports/
500103,BHEL,A,264.55,273.0,264.55,271.25,864974,2340.48,9905,https://www.bseindia.com/stock-share-price/bhel/bhel/500103/financials-annual-reports/
543257,IRFC,A,154.05,154.35,151.1,151.45,1429697,2178.87,17752,https://www.bseindia.com/stock-share-price/irfc/irfc/543257/financials-annual-reports/
500114,TITAN,A,3494.4,3532.8,3415.9,3447.6,62706,2174.3,9216,https://www.bseindia.com/stock-share-price/titan/titan/500114/financials-annual-reports/
540180,VBL,A,597.35,601.0,578.1,588.65,362318,2142.56,11547,https://www.bseindia.com/stock-share-price/vbl/vbl/540180/financials-annual-reports/
532540,TCS,A,4248.05,4293.3,4200.0,4228.4,48517,2064.07,4876,https://www.bseindia.com/stock-share-price/tcs/tcs/532540/financials-annual-reports/
500850,INDHOTEL,A,695.85,715.1,695.85,706.25,284462,2004.44,10544,https://www.bseindia.com/stock-share-price/indhotel/indhotel/500850/financials-annual-reports/
532454,BHARTIARTL,A,1684.05,1698.1,1665.0,1678.3,115106,1924.89,9712,https://www.bseindia.com/stock-share-price/bhartiartl/bhartiartl/532454/financials-annual-reports/
512599,ADANIENT,A,3151.95,3208.85,3059.0,3173.3,61618,1919.66,5340,https://www.bseindia.com/stock-share-price/adanient/adanient/512599/financials-annual-reports/
500034,BAJFINANCE,A,7365.0,7368.25,7275.0,7319.65,26108,1911.84,3773,https://www.bseindia.com/stock-share-price/bajfinance/bajfinance/500034/financials-annual-reports/
500408,TATAELXSI,A,7629.0,8025.0,7629.0,7762.35,22856,1796.2,5189,https://www.bseindia.com/stock-share-price/tataelxsi/tataelxsi/500408/financials-annual-reports/
500257,LUPIN,A,2306.85,2311.65,2111.9,2155.05,80726,1766.25,4959,https://www.bseindia.com/stock-share-price/lupin/lupin/500257/financials-annual-reports/
532174,ICICIBANK,A,1249.85,1254.5,1238.25,1243.25,139866,1741.84,4894,https://www.bseindia.com/stock-share-price/icicibank/icicibank/532174/financials-annual-reports/
532488,DIVISLAB,A,5960.0,6022.7,5924.95,5940.5,28869,1720.04,3266,https://www.bseindia.com/stock-share-price/divislab/divislab/532488/financials-annual-reports/
532810,PFC,A,475.0,481.1,471.0,471.85,361345,1718.24,6294,https://www.bseindia.com/stock-share-price/pfc/pfc/532810/financials-annual-reports/
500510,LT,A,3523.85,3553.9,3455.7,3460.8,48948,1713.95,8290,https://www.bseindia.com/stock-share-price/lt/lt/500510/financials-annual-reports/
532966,TITAGARH,A,1095.8,1124.6,1076.15,1082.5,154041,1688.78,8044,https://www.bseindia.com/stock-share-price/titagarh/titagarh/532966/financials-annual-reports/
500247,KOTAKBANK,A,1805.0,1884.0,1805.0,1875.65,90197,1679.25,4879,https://www.bseindia.com/stock-share-price/kotakbank/kotakbank/500247/financials-annual-reports/
539437,IDFCFIRSTB,A,72.38,73.65,72.3,73.14,2247374,1643.61,11112,https://www.bseindia.com/stock-share-price/idfcfirstb/idfcfirstb/539437/financials-annual-reports/
543940,JIOFIN,A,345.05,347.4,343.0,343.75,474502,1636.19,5683,https://www.bseindia.com/stock-share-price/jiofin/jiofin/543940/financials-annual-reports/
500086,EXIDEIND,A,528.45,528.45,503.8,511.95,304462,1574.62,6061,https://www.bseindia.com/stock-share-price/exideind/exideind/500086/financials-annual-reports/
524715,SUNPHARMA,A,1930.0,1936.1,1883.95,1887.4,81410,1558.95,3438,https://www.bseindia.com/stock-share-price/sunpharma/sunpharma/524715/financials-annual-reports/
500251,TRENT,A,8200.0,8275.95,8012.15,8033.3,18870,1532.5,3944,https://www.bseindia.com/stock-share-price/trent/trent/500251/financials-annual-reports/
541770,CREDITACC,A,1152.05,1161.25,1117.0,1119.4,130604,1470.4,3802,https://www.bseindia.com/stock-share-price/creditacc/creditacc/541770/financials-annual-reports/
541153,BANDHANBNK,A,191.75,191.75,187.15,187.75,775258,1464.85,6360,https://www.bseindia.com/stock-share-price/bandhanbnk/bandhanbnk/541153/financials-annual-reports/
544028,TATATECH,B,1041.25,1089.0,1041.25,1064.05,134365,1437.62,5974,https://www.bseindia.com/stock-share-price/tatatech/tatatech/544028/financials-annual-reports/
543278,KALYANKJIL,A,724.0,738.25,715.95,718.55,193604,1404.55,4439,https://www.bseindia.com/stock-share-price/kalyankjil/kalyankjil/543278/financials-annual-reports/
533098,NHPC,A,92.93,92.93,90.15,90.74,1512484,1382.29,13615,https://www.bseindia.com/stock-share-price/nhpc/nhpc/533098/financials-annual-reports/
532281,HCLTECH,A,1821.95,1839.55,1797.0,1810.0,75223,1370.22,5231,https://www.bseindia.com/stock-share-price/hcltech/hcltech/532281/financials-annual-reports/
543187,POWERINDIA,A,15000.0,16358.8,14773.3,15958.0,8765,1367.67,3365,https://www.bseindia.com/stock-share-price/powerindia/powerindia/543187/financials-annual-reports/
500112,SBIN,A,799.9,804.35,795.05,796.95,163966,1310.8,5258,https://www.bseindia.com/stock-share-price/sbin/sbin/500112/financials-annual-reports/
523405,JMFINANCIL,A,142.5,146.5,141.3,145.1,899058,1294.74,4474,https://www.bseindia.com/stock-share-price/jmfinancil/jmfinancil/523405/financials-annual-reports/
532648,YESBANK,A,21.62,21.75,21.35,21.43,5982011,1291.65,20505,https://www.bseindia.com/stock-share-price/yesbank/yesbank/532648/financials-annual-reports/
532134,BANKBARODA,A,246.55,252.0,245.0,246.3,509332,1270.17,3056,https://www.bseindia.com/stock-share-price/bankbaroda/bankbaroda/532134/financials-annual-reports/
542812,FLUOROCHEM,A,4444.45,4696.85,4403.0,4663.5,26585,1224.42,4294,https://www.bseindia.com/stock-share-price/fluorochem/fluorochem/542812/financials-annual-reports/
532371,TTML,A,78.01,86.28,78.01,83.7,1452628,1213.68,8797,https://www.bseindia.com/stock-share-price/ttml/ttml/532371/financials-annual-reports/
500113,SAIL,A,130.65,133.05,129.65,129.95,917377,1201.5,6293,https://www.bseindia.com/stock-share-price/sail/sail/500113/financials-annual-reports/
500477,ASHOKLEY,A,224.0,226.4,219.55,225.65,536311,1197.94,6596,https://www.bseindia.com/stock-share-price/ashokley/ashokley/500477/financials-annual-reports/
530965,IOC,A,165.35,167.2,164.05,164.45,723374,1197.34,8918,https://www.bseindia.com/stock-share-price/ioc/ioc/530965/financials-annual-reports/
540065,RBLBANK,A,197.95,202.25,196.9,201.05,593071,1191.57,4069,https://www.bseindia.com/stock-share-price/rblbank/rblbank/540065/financials-annual-reports/
500002,ABB,A,8485.1,8625.0,8441.95,8504.95,13726,1168.97,3391,https://www.bseindia.com/stock-share-price/abb/abb/500002/financials-annual-reports/
500183,HFCL,A,139.55,141.55,137.9,138.5,825660,1150.71,6010,https://www.bseindia.com/stock-share-price/hfcl/hfcl/500183/financials-annual-reports/
543272,EASEMYTRIP,A,34.5,34.75,34.09,34.37,3295226,1134.54,10880,https://www.bseindia.com/stock-share-price/easemytrip/easemytrip/543272/financials-annual-reports/
532868,DLF,A,861.95,878.2,855.0,860.8,125952,1092.48,4669,https://www.bseindia.com/stock-share-price/dlf/dlf/532868/financials-annual-reports/
500087,CIPLA,A,1694.95,1694.95,1613.95,1618.55,66238,1084.22,6597,https://www.bseindia.com/stock-share-price/cipla/cipla/500087/financials-annual-reports/
532898,POWERGRID,A,330.85,338.0,330.1,334.35,320332,1073.62,5528,https://www.bseindia.com/stock-share-price/powergrid/powergrid/532898/financials-annual-reports/
532234,NATIONALUM,A,214.85,220.0,211.55,213.0,496569,1071.37,5383,https://www.bseindia.com/stock-share-price/nationalum/nationalum/532234/financials-annual-reports/
500696,HINDUNILVR,A,2772.0,2786.0,2733.25,2754.2,38801,1067.99,5185,https://www.bseindia.com/stock-share-price/hindunilvr/hindunilvr/500696/financials-annual-reports/
541450,ADANIGREEN,A,1800.0,1804.5,1759.0,1781.45,59051,1049.69,4678,https://www.bseindia.com/stock-share-price/adanigreen/adanigreen/541450/financials-annual-reports/
543235,ANGELONE,A,2594.2,2633.5,2551.0,2607.4,40261,1046.17,2465,https://www.bseindia.com/stock-share-price/angelone/angelone/543235/financials-annual-reports/
542649,RVNL,A,482.95,486.0,475.2,480.4,218031,1045.16,4421,https://www.bseindia.com/stock-share-price/rvnl/rvnl/542649/financials-annual-reports/
524230,RCF,A,177.0,185.25,176.0,182.6,563933,1030.38,5975,https://www.bseindia.com/stock-share-price/rcf/rcf/524230/financials-annual-reports/
532538,ULTRACEMCO,A,11455.0,11457.15,11358.85,11435.85,8654,986.9,1999,https://www.bseindia.com/stock-share-price/ultracemco/ultracemco/532538/financials-annual-reports/
540376,DMART,A,4689.9,4698.0,4572.0,4606.45,21262,985.54,4872,https://www.bseindia.com/stock-share-price/dmart/dmart/540376/financials-annual-reports/
506590,PCBL,A,513.95,527.0,510.6,519.2,186784,969.61,3059,https://www.bseindia.com/stock-share-price/pcbl/pcbl/506590/financials-annual-reports/
500840,EIHOTEL,A,408.05,441.0,405.45,431.5,225137,964.86,9694,https://www.bseindia.com/stock-share-price/eihotel/eihotel/500840/financials-annual-reports/
542830,IRCTC,A,880.0,891.6,880.0,883.0,108413,961.9,5296,https://www.bseindia.com/stock-share-price/irctc/irctc/542830/financials-annual-reports/
500085,CHAMBLFERT,A,500.0,512.0,494.75,497.95,188372,946.28,3610,https://www.bseindia.com/stock-share-price/chamblfert/chamblfert/500085/financials-annual-reports/
542760,SWSOLAR,A,547.0,567.7,541.3,567.7,167056,938.63,2567,https://www.bseindia.com/stock-share-price/swsolar/swsolar/542760/financials-annual-reports/
542652,POLYCAB,A,7405.0,7578.85,7388.7,7451.15,12515,936.81,2319,https://www.bseindia.com/stock-share-price/polycab/polycab/542652/financials-annual-reports/
533106,OIL,A,581.85,594.15,570.2,573.9,160810,933.71,3778,https://www.bseindia.com/stock-share-price/oil/oil/533106/financials-annual-reports/
532636,IIFL,A,459.9,473.0,453.05,454.55,200332,931.27,3130,https://www.bseindia.com/stock-share-price/iifl/iifl/532636/financials-annual-reports/
532461,PNB,A,104.55,105.35,103.15,103.55,855568,892.81,3128,https://www.bseindia.com/stock-share-price/pnb/pnb/532461/financials-annual-reports/
524816,NATCOPHARM,A,1490.8,1490.8,1427.0,1434.9,60140,866.17,4701,https://www.bseindia.com/stock-share-price/natcopharm/natcopharm/524816/financials-annual-reports/
505537,ZEEL,A,131.15,133.05,129.0,129.4,655355,857.8,3815,https://www.bseindia.com/stock-share-price/zeel/zeel/505537/financials-annual-reports/
534091,MCX,A,6112.1,6220.0,6112.1,6193.05,13853,855.27,2459,https://www.bseindia.com/stock-share-price/mcx/mcx/534091/financials-annual-reports/
539083,INOXWIND,A,225.0,227.0,217.8,219.05,385229,853.18,5103,https://www.bseindia.com/stock-share-price/inoxwind/inoxwind/539083/financials-annual-reports/
532483,CANBK,A,105.35,106.55,103.85,104.1,803393,845.33,7116,https://www.bseindia.com/stock-share-price/canbk/canbk/532483/financials-annual-reports/
505200,EICHERMOT,A,4750.95,4766.0,4690.35,4698.2,17574,829.51,2696,https://www.bseindia.com/stock-share-price/eichermot/eichermot/505200/financials-annual-reports/
526371,NMDC,A,225.85,231.0,225.5,226.3,355856,808.93,3203,https://www.bseindia.com/stock-share-price/nmdc/nmdc/526371/financials-annual-reports/
540750,IEX,A,206.0,206.0,201.1,202.25,393416,798.53,4787,https://www.bseindia.com/stock-share-price/iex/iex/540750/financials-annual-reports/
534309,NBCC,A,116.95,117.95,114.05,116.9,685430,795.32,10219,https://www.bseindia.com/stock-share-price/nbcc/nbcc/534309/financials-annual-reports/
533096,ADANIPOWER,A,642.75,648.0,631.05,645.0,124479,794.77,3744,https://www.bseindia.com/stock-share-price/adanipower/adanipower/533096/financials-annual-reports/
500104,HINDPETRO,A,397.95,403.95,391.05,392.2,197397,785.07,3905,https://www.bseindia.com/stock-share-price/hindpetro/hindpetro/500104/financials-annual-reports/
531162,EMAMILTD,A,748.8,755.8,741.6,742.5,103816,776.45,608,https://www.bseindia.com/stock-share-price/emamiltd/emamiltd/531162/financials-annual-reports/
532525,MAHABANK,A,55.1,55.64,53.97,54.17,1409781,772.3,8364,https://www.bseindia.com/stock-share-price/mahabank/mahabank/532525/financials-annual-reports/
500410,ACC,A,2347.65,2357.5,2291.05,2316.15,33277,769.21,4866,https://www.bseindia.com/stock-share-price/acc/acc/500410/financials-annual-reports/
500312,ONGC,A,288.45,292.15,287.65,288.85,260803,756.5,4214,https://www.bseindia.com/stock-share-price/ongc/ongc/500312/financials-annual-reports/
509631,HEG,A,2499.95,2574.85,2433.5,2443.35,30115,754.19,2914,https://www.bseindia.com/stock-share-price/heg/heg/509631/financials-annual-reports/
531344,CONCOR,A,895.35,908.05,886.0,887.65,82018,737.58,5115,https://www.bseindia.com/stock-share-price/concor/concor/531344/financials-annual-reports/
532215,AXISBANK,A,1172.05,1191.35,1172.05,1183.75,62311,737.07,2008,https://www.bseindia.com/stock-share-price/axisbank/axisbank/532215/financials-annual-reports/
543390,POLICYBZR,A,1683.05,1689.0,1613.85,1623.65,44568,731.79,5881,https://www.bseindia.com/stock-share-price/policybzr/policybzr/543390/financials-annual-reports/
539150,PNCINFRA,A,451.15,458.8,440.55,442.95,161665,724.71,4176,https://www.bseindia.com/stock-share-price/pncinfra/pncinfra/539150/financials-annual-reports/
533206,SJVN,A,122.5,123.15,118.7,119.15,590480,712.92,9175,https://www.bseindia.com/stock-share-price/sjvn/sjvn/533206/financials-annual-reports/
532978,BAJAJFINSV,A,1875.0,1887.3,1859.7,1875.4,37847,709.57,2616,https://www.bseindia.com/stock-share-price/bajajfinsv/bajajfinsv/532978/financials-annual-reports/
541143,BDL,A,1180.0,1221.0,1175.5,1218.25,58685,707.31,3302,https://www.bseindia.com/stock-share-price/bdl/bdl/541143/financials-annual-reports/
539254,ADANIENSOL,A,992.05,1000.35,964.0,992.95,70351,689.73,3039,https://www.bseindia.com/stock-share-price/adaniensol/adaniensol/539254/financials-annual-reports/
532500,MARUTI,A,12800.0,12957.75,12716.65,12943.3,5254,675.46,1561,https://www.bseindia.com/stock-share-price/maruti/maruti/532500/financials-annual-reports/
534816,INDUSTOWER,A,375.15,383.25,375.15,378.65,177032,673.16,3283,https://www.bseindia.com/stock-share-price/industower/industower/534816/financials-annual-reports/
500425,AMBUJACEM,A,610.05,611.65,582.2,585.45,114273,673.11,4431,https://www.bseindia.com/stock-share-price/ambujacem/ambujacem/500425/financials-annual-reports/
500048,BEML,A,3646.15,3799.1,3591.65,3757.75,17676,657.9,2435,https://www.bseindia.com/stock-share-price/beml/beml/500048/financials-annual-reports/
532259,APARINDS,A,10149.95,10702.0,9957.45,10638.0,6213,647.9,1815,https://www.bseindia.com/stock-share-price/aparinds/aparinds/532259/financials-annual-reports/
541556,RITES,A,326.7,326.7,313.0,314.0,199878,633.9,4768,https://www.bseindia.com/stock-share-price/rites/rites/541556/financials-annual-reports/
500124,DRREDDY,A,6700.0,6700.95,6555.0,6582.45,9397,620.57,3392,https://www.bseindia.com/stock-share-price/drreddy/drreddy/500124/financials-annual-reports/
539957,MGL,A,1835.35,1909.0,1835.35,1871.0,33106,619.67,2670,https://www.bseindia.com/stock-share-price/mgl/mgl/539957/financials-annual-reports/
542772,360ONE,A,1059.95,1065.0,1015.0,1022.6,58956,611.28,3675,https://www.bseindia.com/stock-share-price/360one/360one/542772/financials-annual-reports/
500550,SIEMENS,A,7700.0,7734.0,7592.85,7683.75,7879,604.91,1761,https://www.bseindia.com/stock-share-price/siemens/siemens/500550/financials-annual-reports/
533179,PERSISTENT,A,5379.95,5395.0,5213.55,5241.5,11263,598.22,2608,https://www.bseindia.com/stock-share-price/persistent/persistent/533179/financials-annual-reports/
540678,COCHINSHIP,T,1665.0,1728.5,1641.0,1697.7,35499,598.14,2720,https://www.bseindia.com/stock-share-price/cochinship/cochinship/540678/financials-annual-reports/
500547,BPCL,A,342.0,343.1,334.65,335.95,176671,597.54,2659,https://www.bseindia.com/stock-share-price/bpcl/bpcl/500547/financials-annual-reports/
531213,MANAPPURAM,A,192.55,193.0,188.15,188.6,313385,595.59,5958,https://www.bseindia.com/stock-share-price/manappuram/manappuram/531213/financials-annual-reports/
500800,TATACONSUM,A,1110.8,1129.0,1109.8,1112.9,52475,587.41,3119,https://www.bseindia.com/stock-share-price/tataconsum/tataconsum/500800/financials-annual-reports/
500294,NCC,A,299.05,311.9,299.05,302.55,183840,564.81,3403,https://www.bseindia.com/stock-share-price/ncc/ncc/500294/financials-annual-reports/
500440,HINDALCO,A,733.95,738.0,726.8,729.9,76723,561.7,2674,https://www.bseindia.com/stock-share-price/hindalco/hindalco/500440/financials-annual-reports/
533150,GODREJPROP,A,3000.05,3057.4,3000.05,3012.65,18495,559.59,2126,https://www.bseindia.com/stock-share-price/godrejprop/godrejprop/533150/financials-annual-reports/
532439,OLECTRA,A,1678.25,1746.4,1669.3,1684.0,32126,549.11,2530,https://www.bseindia.com/stock-share-price/olectra/olectra/532439/financials-annual-reports/
541956,IRCON,A,224.4,224.4,219.6,220.4,243660,538.94,5645,https://www.bseindia.com/stock-share-price/ircon/ircon/541956/financials-annual-reports/
540530,HUDCO,A,228.0,228.9,224.1,225.25,236952,536.04,3161,https://www.bseindia.com/stock-share-price/hudco/hudco/540530/financials-annual-reports/
532155,GAIL,A,223.05,229.4,223.05,225.6,236125,534.73,2801,https://www.bseindia.com/stock-share-price/gail/gail/532155/financials-annual-reports/
524208,AARTIIND,A,534.95,534.95,525.05,527.0,100479,531.63,4639,https://www.bseindia.com/stock-share-price/aartiind/aartiind/524208/financials-annual-reports/
543428,DATAPATTNS,A,2444.25,2523.65,2392.15,2497.45,21262,526.76,1945,https://www.bseindia.com/stock-share-price/datapattns/datapattns/543428/financials-annual-reports/
532670,RENUKA,A,48.43,48.71,47.82,48.25,1092364,526.16,4480,https://www.bseindia.com/stock-share-price/renuka/renuka/532670/financials-annual-reports/
539448,INDIGO,A,4749.95,4751.0,4656.75,4662.7,10958,515.46,1731,https://www.bseindia.com/stock-share-price/indigo/indigo/539448/financials-annual-reports/
543526,LICI,A,973.0,979.0,963.0,965.4,52362,508.08,3931,https://www.bseindia.com/stock-share-price/lici/lici/543526/financials-annual-reports/
517271,HBLPOWER,A,615.0,622.7,603.75,606.35,82684,506.72,2915,https://www.bseindia.com/stock-share-price/hblpower/hblpower/517271/financials-annual-reports/
532977,BAJAJ-AUTO,A,11810.5,12027.45,11810.0,11832.2,4238,504.51,1417,https://www.bseindia.com/stock-share-price/bajaj-auto/bajaj-auto/532977/financials-annual-reports/
500645,DEEPAKFERT,A,1075.0,1116.9,1033.25,1068.9,46918,501.72,2440,https://www.bseindia.com/stock-share-price/deepakfert/deepakfert/500645/financials-annual-reports/
542066,ATGL,A,755.05,767.5,753.35,757.9,66016,501.58,3278,https://www.bseindia.com/stock-share-price/atgl/atgl/542066/financials-annual-reports/
540777,HDFCLIFE,A,718.55,726.15,713.95,724.2,68465,493.26,3032,https://www.bseindia.com/stock-share-price/hdfclife/hdfclife/540777/financials-annual-reports/
540005,LTIM,A,6450.05,6488.8,6318.2,6343.7,7702,492.99,1954,https://www.bseindia.com/stock-share-price/ltim/ltim/540005/financials-annual-reports/
512455,LLOYDSME,A,988.5,999.0,975.85,994.7,47191,466.98,3083,https://www.bseindia.com/stock-share-price/lloydsme/lloydsme/512455/financials-annual-reports/
532477,UNIONBANK,A,115.5,116.2,113.8,114.0,398736,457.93,5375,https://www.bseindia.com/stock-share-price/unionbank/unionbank/532477/financials-annual-reports/
533148,JSWENERGY,A,734.95,741.0,723.0,728.95,61980,453.62,2597,https://www.bseindia.com/stock-share-price/jswenergy/jswenergy/533148/financials-annual-reports/
532921,ADANIPORTS,A,1420.0,1430.2,1407.55,1418.05,31575,447.59,2433,https://www.bseindia.com/stock-share-price/adaniports/adaniports/532921/financials-annual-reports/
532779,TORNTPOWER,A,1959.95,1959.95,1869.35,1883.35,23492,447.3,2491,https://www.bseindia.com/stock-share-price/torntpower/torntpower/532779/financials-annual-reports/
542752,AFFLE,A,1621.9,1645.75,1590.0,1608.75,27377,442.75,2732,https://www.bseindia.com/stock-share-price/affle/affle/542752/financials-annual-reports/
540902,AMBER,A,5255.95,5255.95,5076.7,5108.6,8565,440.38,1373,https://www.bseindia.com/stock-share-price/amber/amber/540902/financials-annual-reports/
540073,BLS,A,362.45,369.0,360.95,363.35,119842,437.67,2917,https://www.bseindia.com/stock-share-price/bls/bls/540073/financials-annual-reports/
513599,HINDCOPPER,A,315.45,319.0,311.05,312.1,135810,426.49,1605,https://www.bseindia.com/stock-share-price/hindcopper/hindcopper/513599/financials-annual-reports/
543384,NYKAA,A,197.45,198.7,191.8,192.95,216559,421.4,2309,https://www.bseindia.com/stock-share-price/nykaa/nykaa/543384/financials-annual-reports/
521070,ALOKINDS,A,25.16,25.32,24.87,24.92,1679140,420.43,3762,https://www.bseindia.com/stock-share-price/alokinds/alokinds/521070/financials-annual-reports/
524804,AUROPHARMA,A,1530.0,1530.0,1456.0,1465.2,28275,417.74,2379,https://www.bseindia.com/stock-share-price/auropharma/auropharma/524804/financials-annual-reports/
532178,ENGINERSIN,A,202.05,206.0,198.6,200.2,206976,416.99,3200,https://www.bseindia.com/stock-share-price/enginersin/enginersin/532178/financials-annual-reports/
500253,LICHSGFIN,A,621.35,624.5,613.7,616.25,67579,416.72,3193,https://www.bseindia.com/stock-share-price/lichsgfin/lichsgfin/500253/financials-annual-reports/
532482,GRANULES,A,574.55,589.05,563.85,579.0,70314,407.13,2542,https://www.bseindia.com/stock-share-price/granules/granules/532482/financials-annual-reports/
532754,GMRINFRA,A,89.0,90.78,88.54,88.87,454326,407.08,2805,https://www.bseindia.com/stock-share-price/gmrinfra/gmrinfra/532754/financials-annual-reports/
543232,CAMS,A,4420.05,4525.0,4412.0,4489.45,9014,404.63,1582,https://www.bseindia.com/stock-share-price/cams/cams/543232/financials-annual-reports/
517569,KEI,A,4424.95,4555.0,4363.55,4526.9,8965,403.91,1903,https://www.bseindia.com/stock-share-price/kei/kei/517569/financials-annual-reports/
500820,ASIANPAINT,A,3114.95,3114.95,3043.9,3060.3,13022,398.86,1841,https://www.bseindia.com/stock-share-price/asianpaint/asianpaint/500820/financials-annual-reports/
500182,HEROMOTOCO,A,5589.55,5595.6,5445.05,5458.6,7129,392.32,1888,https://www.bseindia.com/stock-share-price/heromotoco/heromotoco/500182/financials-annual-reports/
534139,SCHNEIDER,A,839.7,871.55,829.35,862.95,44878,385.64,2325,https://www.bseindia.com/stock-share-price/schneider/schneider/534139/financials-annual-reports/
533273,OBEROIRLTY,A,1851.95,1894.95,1847.9,1885.35,20154,379.25,1781,https://www.bseindia.com/stock-share-price/oberoirlty/oberoirlty/533273/financials-annual-reports/
543458,AWL,A,337.05,339.4,335.0,336.8,111995,377.43,3039,https://www.bseindia.com/stock-share-price/awl/awl/543458/financials-annual-reports/
500228,JSWSTEEL,A,997.05,1013.1,996.6,1006.8,37445,375.57,2328,https://www.bseindia.com/stock-share-price/jswsteel/jswsteel/500228/financials-annual-reports/
503806,SRF,A,2339.05,2364.45,2330.0,2343.5,15959,373.6,1299,https://www.bseindia.com/stock-share-price/srf/srf/503806/financials-annual-reports/
500378,JINDALSAW,A,370.5,371.45,360.0,360.85,102088,372.36,2349,https://www.bseindia.com/stock-share-price/jindalsaw/jindalsaw/500378/financials-annual-reports/
543904,MANKIND,B,2700.3,2743.55,2664.55,2678.1,13647,369.22,2067,https://www.bseindia.com/stock-share-price/mankind/mankind/543904/financials-annual-reports/
506401,DEEPAKNTR,A,2803.35,2837.5,2768.55,2771.1,12865,359.1,1868,https://www.bseindia.com/stock-share-price/deepakntr/deepakntr/506401/financials-annual-reports/
500008,ARE&M,A,1399.95,1412.0,1382.0,1398.0,25603,357.32,1750,https://www.bseindia.com/stock-share-price/are&m/are&m/500008/financials-annual-reports/
543994,JSWINFRA,B,325.45,326.3,315.0,316.35,111582,355.54,3610,https://www.bseindia.com/stock-share-price/jswinfra/jswinfra/543994/financials-annual-reports/
500084,CESC,A,187.9,190.1,184.5,185.6,188874,353.58,3199,https://www.bseindia.com/stock-share-price/cesc/cesc/500084/financials-annual-reports/
533274,PRESTIGE,A,1874.95,1874.95,1840.0,1860.6,19035,353.36,1417,https://www.bseindia.com/stock-share-price/prestige/prestige/533274/financials-annual-reports/
500116,IDBI,A,83.33,84.6,83.33,83.86,415931,349.45,2651,https://www.bseindia.com/stock-share-price/idbi/idbi/500116/financials-annual-reports/
532947,IRB,A,60.69,60.69,58.29,58.66,585311,347.72,3683,https://www.bseindia.com/stock-share-price/irb/irb/532947/financials-annual-reports/
532800,TV18BRDCST,A,42.06,42.27,41.22,41.51,813851,338.29,3194,https://www.bseindia.com/stock-share-price/tv18brdcst/tv18brdcst/532800/financials-annual-reports/
532514,IGL,A,532.95,541.85,532.95,540.9,62807,337.9,2123,https://www.bseindia.com/stock-share-price/igl/igl/532514/financials-annual-reports/
543287,LODHA,A,1229.8,1229.8,1182.0,1184.15,27938,335.1,2166,https://www.bseindia.com/stock-share-price/lodha/lodha/543287/financials-annual-reports/
508869,APOLLOHOSP,A,7029.0,7066.9,6882.55,6952.65,4827,334.9,746,https://www.bseindia.com/stock-share-price/apollohosp/apollohosp/508869/financials-annual-reports/
543335,APTUS,A,378.65,379.05,364.0,365.8,89979,333.47,2406,https://www.bseindia.com/stock-share-price/aptus/aptus/543335/financials-annual-reports/
532466,OFSS,A,11770.15,11850.0,11338.3,11477.95,2794,324.66,1246,https://www.bseindia.com/stock-share-price/ofss/ofss/532466/financials-annual-reports/
532755,TECHM,A,1670.05,1674.0,1612.0,1620.3,19681,323.53,1958,https://www.bseindia.com/stock-share-price/techm/techm/532755/financials-annual-reports/
543654,MEDANTA,A,1008.95,1039.6,993.0,1038.6,31349,321.85,3126,https://www.bseindia.com/stock-share-price/medanta/medanta/543654/financials-annual-reports/
509488,GRAPHITE,A,576.1,596.15,574.05,579.3,54820,320.23,1761,https://www.bseindia.com/stock-share-price/graphite/graphite/509488/financials-annual-reports/
511218,SHRIRAMFIN,A,3415.15,3415.15,3328.2,3339.55,9412,315.73,1880,https://www.bseindia.com/stock-share-price/shriramfin/shriramfin/511218/financials-annual-reports/
533278,COALINDIA,A,489.95,494.0,486.05,488.35,63337,310.34,2017,https://www.bseindia.com/stock-share-price/coalindia/coalindia/533278/financials-annual-reports/
500163,GODFRYPHLP,A,7189.65,7189.65,6850.9,6893.15,4426,308.66,1302,https://www.bseindia.com/stock-share-price/godfryphlp/godfryphlp/500163/financials-annual-reports/
504067,ZENSARTECH,A,687.0,694.85,683.1,687.75,44676,308.01,1751,https://www.bseindia.com/stock-share-price/zensartech/zensartech/504067/financials-annual-reports/
532221,SONATSOFTW,A,589.45,592.45,570.4,572.4,51915,302.15,2690,https://www.bseindia.com/stock-share-price/sonatsoftw/sonatsoftw/532221/financials-annual-reports/
540173,PNBHOUSING,A,950.05,965.0,945.75,949.15,31172,297.28,1773,https://www.bseindia.com/stock-share-price/pnbhousing/pnbhousing/540173/financials-annual-reports/
543990,SIGNATURE,A,1588.0,1588.0,1503.0,1508.8,19351,295.92,741,https://www.bseindia.com/stock-share-price/signature/signature/543990/financials-annual-reports/
500067,BLUESTARCO,A,2049.2,2049.2,1984.9,2016.05,14743,295.37,3342,https://www.bseindia.com/stock-share-price/bluestarco/bluestarco/500067/financials-annual-reports/
532187,INDUSINDBK,A,1346.35,1361.55,1345.0,1356.5,21591,292.32,1386,https://www.bseindia.com/stock-share-price/indusindbk/indusindbk/532187/financials-annual-reports/
542651,KPITTECH,A,1750.0,1774.0,1725.55,1731.35,16693,292.1,1805,https://www.bseindia.com/stock-share-price/kpittech/kpittech/542651/financials-annual-reports/
500483,TATACOMM,A,1945.05,1981.8,1945.0,1953.5,14827,290.79,2042,https://www.bseindia.com/stock-share-price/tatacomm/tatacomm/500483/financials-annual-reports/
503100,PHOENIXLTD,A,1728.8,1735.55,1659.3,1665.8,16903,286.22,2191,https://www.bseindia.com/stock-share-price/phoenixltd/phoenixltd/503100/financials-annual-reports/
500469,FEDERALBNK,A,186.95,187.3,185.0,185.7,151972,282.89,1895,https://www.bseindia.com/stock-share-price/federalbnk/federalbnk/500469/financials-annual-reports/
532892,MOTILALOFS,A,794.4,794.4,768.6,773.3,35762,278.99,1834,https://www.bseindia.com/stock-share-price/motilalofs/motilalofs/532892/financials-annual-reports/
543220,MAXHEALTH,A,961.95,964.5,942.9,951.95,28729,272.97,1475,https://www.bseindia.com/stock-share-price/maxhealth/maxhealth/543220/financials-annual-reports/
532827,PAGEIND,A,43999.9,44249.5,43780.8,44135.3,617,271.48,331,https://www.bseindia.com/stock-share-price/pageind/pageind/532827/financials-annual-reports/
532400,BSOFT,A,599.8,600.35,583.35,584.85,45493,268.68,1667,https://www.bseindia.com/stock-share-price/bsoft/bsoft/532400/financials-annual-reports/
532541,COFORGE,A,7449.95,7449.95,7265.0,7280.4,3646,267.57,1147,https://www.bseindia.com/stock-share-price/coforge/coforge/532541/financials-annual-reports/
500877,APOLLOTYRE,A,507.4,509.8,503.0,506.1,52426,265.12,2169,https://www.bseindia.com/stock-share-price/apollotyre/apollotyre/500877/financials-annual-reports/
540595,TEJASNET,A,1192.3,1232.25,1181.7,1188.5,21861,262.92,1399,https://www.bseindia.com/stock-share-price/tejasnet/tejasnet/540595/financials-annual-reports/
533519,LTF,A,170.85,171.45,167.2,167.5,154885,261.62,2629,https://www.bseindia.com/stock-share-price/ltf/ltf/533519/financials-annual-reports/
532149,BANKINDIA,A,105.6,106.5,105.1,105.45,247298,261.03,2550,https://www.bseindia.com/stock-share-price/bankindia/bankindia/532149/financials-annual-reports/
522205,PRAJIND,A,782.85,794.5,765.75,781.55,33575,261.02,1362,https://www.bseindia.com/stock-share-price/prajind/prajind/522205/financials-annual-reports/
500420,TORNTPHARM,A,3589.95,3589.95,3410.0,3444.15,7499,260.73,1221,https://www.bseindia.com/stock-share-price/torntpharm/torntpharm/500420/financials-annual-reports/
533655,TRITURBINE,A,747.0,757.3,740.15,744.25,34739,259.3,1675,https://www.bseindia.com/stock-share-price/triturbine/triturbine/533655/financials-annual-reports/
524226,GAEL,A,142.45,144.2,138.8,140.25,181798,256.61,1555,https://www.bseindia.com/stock-share-price/gael/gael/524226/financials-annual-reports/
540222,LAURUSLABS,A,453.25,466.95,451.7,465.3,54597,251.06,1690,https://www.bseindia.com/stock-share-price/lauruslabs/lauruslabs/540222/financials-annual-reports/
500302,PEL,A,1035.0,1059.0,1035.0,1051.85,23666,248.63,1498,https://www.bseindia.com/stock-share-price/pel/pel/500302/financials-annual-reports/
532343,TVSMOTOR,A,2781.2,2827.85,2765.7,2791.45,8850,248.37,1139,https://www.bseindia.com/stock-share-price/tvsmotor/tvsmotor/532343/financials-annual-reports/
524000,POONAWALLA,A,397.8,397.8,386.2,388.2,63597,247.07,1050,https://www.bseindia.com/stock-share-price/poonawalla/poonawalla/524000/financials-annual-reports/
532790,TANLA,A,869.95,871.6,857.75,860.9,28203,243.08,2570,https://www.bseindia.com/stock-share-price/tanla/tanla/532790/financials-annual-reports/
543529,DELHIVERY,A,420.95,420.95,406.8,411.55,58861,242.21,1859,https://www.bseindia.com/stock-share-price/delhivery/delhivery/543529/financials-annual-reports/
532296,GLENMARK,A,1789.8,1800.0,1747.9,1759.85,13527,239.57,2149,https://www.bseindia.com/stock-share-price/glenmark/glenmark/532296/financials-annual-reports/
517354,HAVELLS,A,1933.05,1959.25,1933.05,1938.15,12249,238.4,1589,https://www.bseindia.com/stock-share-price/havells/havells/517354/financials-annual-reports/
503310,SWANENERGY,A,560.05,566.75,553.2,558.15,42574,238.3,1712,https://www.bseindia.com/stock-share-price/swanenergy/swanenergy/503310/financials-annual-reports/
500290,MRF,A,133900.0,133900.0,132036.4,132198.0,179,237.66,134,https://www.bseindia.com/stock-share-price/mrf/mrf/500290/financials-annual-reports/
532830,ASTRAL,A,1914.95,1915.65,1891.0,1899.35,12505,237.42,2073,https://www.bseindia.com/stock-share-price/astral/astral/532830/financials-annual-reports/
535789,SAMMAANCAP,A,152.95,155.0,151.6,152.65,154526,236.57,2003,https://www.bseindia.com/stock-share-price/sammaancap/sammaancap/535789/financials-annual-reports/
512070,UPL,A,578.15,593.0,578.15,584.4,40171,236.11,1436,https://www.bseindia.com/stock-share-price/upl/upl/512070/financials-annual-reports/
532523,BIOCON,A,348.25,351.95,345.0,345.75,67783,236.06,1927,https://www.bseindia.com/stock-share-price/biocon/biocon/532523/financials-annual-reports/
500184,HSCL,A,630.05,643.0,626.7,630.1,37159,235.08,1464,https://www.bseindia.com/stock-share-price/hscl/hscl/500184/financials-annual-reports/
500690,GSFC,A,216.8,221.4,213.2,214.0,107253,233.03,1598,https://www.bseindia.com/stock-share-price/gsfc/gsfc/500690/financials-annual-reports/
532720,M&MFIN,A,289.85,289.85,282.9,284.6,80978,231.58,2027,https://www.bseindia.com/stock-share-price/m&mfin/m&mfin/532720/financials-annual-reports/
532508,JSL,A,754.35,761.15,739.65,756.05,30687,231.11,1444,https://www.bseindia.com/stock-share-price/jsl/jsl/532508/financials-annual-reports/
500472,SKFINDIA,A,5380.0,5433.95,5302.9,5391.4,4267,230.23,785,https://www.bseindia.com/stock-share-price/skfindia/skfindia/500472/financials-annual-reports/
540719,SBILIFE,A,1757.95,1757.95,1728.8,1737.0,12973,226.09,1445,https://www.bseindia.com/stock-share-price/sbilife/sbilife/540719/financials-annual-reports/
543277,LXCHEM,A,280.95,284.85,276.95,283.85,78011,220.38,2054,https://www.bseindia.com/stock-share-price/lxchem/lxchem/543277/financials-annual-reports/
532505,UCOBANK,A,45.8,46.35,45.32,45.51,478132,219.22,3641,https://www.bseindia.com/stock-share-price/ucobank/ucobank/532505/financials-annual-reports/
500825,BRITANNIA,A,6169.95,6169.95,5976.7,6000.45,3613,218.03,1273,https://www.bseindia.com/stock-share-price/britannia/britannia/500825/financials-annual-reports/
507880,VIPIND,A,556.0,563.25,548.0,559.65,38816,215.99,1639,https://www.bseindia.com/stock-share-price/vipind/vipind/507880/financials-annual-reports/
500411,THERMAX,A,5180.0,5234.55,5025.35,5058.55,4192,212.86,976,https://www.bseindia.com/stock-share-price/thermax/thermax/500411/financials-annual-reports/
500387,SHREECEM,A,25116.7,25116.75,24602.6,24630.1,836,207.67,392,https://www.bseindia.com/stock-share-price/shreecem/shreecem/500387/financials-annual-reports/
500530,BOSCHLTD,A,38678.65,39010.9,38000.0,38221.7,540,207.57,375,https://www.bseindia.com/stock-share-price/boschltd/boschltd/500530/financials-annual-reports/
541988,AAVAS,A,1735.0,1737.8,1711.1,1719.15,11916,205.2,1198,https://www.bseindia.com/stock-share-price/aavas/aavas/541988/financials-annual-reports/
500027,ATUL,A,7916.3,8165.25,7870.95,7969.0,2558,205.02,919,https://www.bseindia.com/stock-share-price/atul/atul/500027/financials-annual-reports/
500870,CASTROLIND,A,232.95,232.95,226.7,228.15,88801,203.01,1586,https://www.bseindia.com/stock-share-price/castrolind/castrolind/500870/financials-annual-reports/
541233,LEMONTREE,A,121.95,125.95,120.7,125.25,158842,196.08,1525,https://www.bseindia.com/stock-share-price/lemontree/lemontree/541233/financials-annual-reports/
533758,APLAPOLLO,A,1536.1,1580.1,1527.8,1573.15,12563,195.66,1536,https://www.bseindia.com/stock-share-price/aplapollo/aplapollo/533758/financials-annual-reports/
514162,WELSPUNLIV,A,172.9,172.9,167.3,168.3,112827,190.52,2029,https://www.bseindia.com/stock-share-price/welspunliv/welspunliv/514162/financials-annual-reports/
500338,PRSMJOHNSN,A,201.95,201.95,195.4,196.6,95194,188.11,1280,https://www.bseindia.com/stock-share-price/prsmjohnsn/prsmjohnsn/500338/financials-annual-reports/
532497,RADICO,A,2157.3,2157.3,2090.0,2112.25,8870,186.93,1348,https://www.bseindia.com/stock-share-price/radico/radico/532497/financials-annual-reports/
539876,CROMPTON,A,435.1,442.15,435.1,441.0,42188,185.48,2195,https://www.bseindia.com/stock-share-price/crompton/crompton/539876/financials-annual-reports/
500368,PATANJALI,A,1722.95,1748.75,1696.75,1736.7,10727,184.28,1262,https://www.bseindia.com/stock-share-price/patanjali/patanjali/500368/financials-annual-reports/
543259,HOMEFIRST,A,1309.95,1310.0,1237.75,1241.35,14662,184.25,1482,https://www.bseindia.com/stock-share-price/homefirst/homefirst/543259/financials-annual-reports/
532432,UNITDSPR,A,1530.5,1547.6,1502.35,1507.6,12079,183.61,1581,https://www.bseindia.com/stock-share-price/unitdspr/unitdspr/532432/financials-annual-reports/
543988,NUVAMA,B,6360.2,6458.0,6359.5,6375.55,2856,183.46,476,https://www.bseindia.com/stock-share-price/nuvama/nuvama/543988/financials-annual-reports/
500620,GESHIP,A,1284.05,1302.45,1267.25,1271.2,14037,180.13,1023,https://www.bseindia.com/stock-share-price/geship/geship/500620/financials-annual-reports/
523457,LINDEINDIA,A,8235.0,8420.0,8209.75,8318.05,2147,178.68,718,https://www.bseindia.com/stock-share-price/lindeindia/lindeindia/523457/financials-annual-reports/
543635,PPLPHARMA,A,224.0,226.15,217.5,218.45,80793,178.51,1580,https://www.bseindia.com/stock-share-price/pplpharma/pplpharma/543635/financials-annual-reports/
540762,TIINDIA,A,4199.0,4242.0,4114.8,4127.45,4216,176.09,1116,https://www.bseindia.com/stock-share-price/tiindia/tiindia/540762/financials-annual-reports/
543317,GRINFRA,A,1708.5,1730.0,1632.55,1646.7,10324,174.04,1144,https://www.bseindia.com/stock-share-price/grinfra/grinfra/543317/financials-annual-reports/
500188,HINDZINC,A,505.35,513.0,505.35,508.45,34019,173.59,1149,https://www.bseindia.com/stock-share-price/hindzinc/hindzinc/500188/financials-annual-reports/
500096,DABUR,A,568.65,576.65,564.8,571.9,29983,170.99,1391,https://www.bseindia.com/stock-share-price/dabur/dabur/500096/financials-annual-reports/
500125,EIDPARRY,A,822.0,830.0,800.0,810.45,20808,169.28,1371,https://www.bseindia.com/stock-share-price/eidparry/eidparry/500125/financials-annual-reports/
500575,VOLTAS,A,1795.0,1810.0,1765.9,1777.1,9392,168.01,969,https://www.bseindia.com/stock-share-price/voltas/voltas/500575/financials-annual-reports/
517146,USHAMART,A,348.6,370.0,344.4,367.2,46374,167.75,1388,https://www.bseindia.com/stock-share-price/ushamart/ushamart/517146/financials-annual-reports/
532777,NAUKRI,A,8392.5,8443.3,8263.55,8299.55,1997,166.42,669,https://www.bseindia.com/stock-share-price/naukri/naukri/532777/financials-annual-reports/
500238,WHIRLPOOL,A,2359.05,2414.95,2325.0,2371.85,6991,165.87,976,https://www.bseindia.com/stock-share-price/whirlpool/whirlpool/500238/financials-annual-reports/
500040,ABREL,A,2754.95,2765.0,2675.45,2685.65,6103,165.37,666,https://www.bseindia.com/stock-share-price/abrel/abrel/500040/financials-annual-reports/
540611,AUBANK,A,710.0,714.95,698.45,699.7,23273,164.75,1365,https://www.bseindia.com/stock-share-price/aubank/aubank/540611/financials-annual-reports/
540115,LTTS,A,5250.0,5258.95,5150.0,5191.25,3132,163.15,1010,https://www.bseindia.com/stock-share-price/ltts/ltts/540115/financials-annual-reports/
500480,CUMMINSIND,A,3762.0,3809.05,3747.1,3781.35,4283,161.84,1423,https://www.bseindia.com/stock-share-price/cumminsind/cumminsind/500480/financials-annual-reports/
532784,SOBHA,A,1701.65,1748.0,1692.4,1702.55,9394,161.14,1051,https://www.bseindia.com/stock-share-price/sobha/sobha/532784/financials-annual-reports/
542904,UJJIVANSFB,A,41.49,41.65,40.33,40.42,387312,158.88,1863,https://www.bseindia.com/stock-share-price/ujjivansfb/ujjivansfb/542904/financials-annual-reports/
500940,FINPIPE,A,289.55,294.05,286.5,292.85,54375,158.36,1557,https://www.bseindia.com/stock-share-price/finpipe/finpipe/500940/financials-annual-reports/
535755,ABFRL,A,343.2,343.2,336.95,337.3,46400,157.66,893,https://www.bseindia.com/stock-share-price/abfrl/abfrl/535755/financials-annual-reports/
531642,MARICO,A,692.1,704.15,679.45,684.7,22573,155.5,1279,https://www.bseindia.com/stock-share-price/marico/marico/531642/financials-annual-reports/
530019,JUBLPHARMA,A,1125.05,1191.85,1125.05,1183.8,13037,154.09,1318,https://www.bseindia.com/stock-share-price/jublpharma/jublpharma/530019/financials-annual-reports/
532605,JBMA,A,1800.6,1800.6,1753.7,1758.2,8669,152.94,1301,https://www.bseindia.com/stock-share-price/jbma/jbma/532605/financials-annual-reports/
500490,BAJAJHLDNG,A,10315.05,10794.0,10315.05,10733.25,1434,152.91,445,https://www.bseindia.com/stock-share-price/bajajhldng/bajajhldng/500490/financials-annual-reports/
521064,TRIDENT,A,35.26,35.5,34.95,35.03,434045,152.72,1994,https://www.bseindia.com/stock-share-price/trident/trident/521064/financials-annual-reports/
540975,ASTERDM,A,423.95,427.05,417.0,418.45,36012,152.0,1398,https://www.bseindia.com/stock-share-price/asterdm/asterdm/540975/financials-annual-reports/
541195,MIDHANI,A,381.0,383.55,374.3,376.85,40161,151.89,1783,https://www.bseindia.com/stock-share-price/midhani/midhani/541195/financials-annual-reports/
500670,GNFC,A,652.85,664.9,646.15,648.7,22888,150.08,1394,https://www.bseindia.com/stock-share-price/gnfc/gnfc/500670/financials-annual-reports/
500495,ESCORTS,A,4084.0,4085.35,3965.85,3978.6,3722,149.33,685,https://www.bseindia.com/stock-share-price/escorts/escorts/500495/financials-annual-reports/
535648,JUSTDIAL,A,1225.0,1286.25,1225.0,1269.55,11789,148.77,995,https://www.bseindia.com/stock-share-price/justdial/justdial/535648/financials-annual-reports/
532809,FSL,A,314.05,317.2,309.25,310.15,46533,145.43,1026,https://www.bseindia.com/stock-share-price/fsl/fsl/532809/financials-annual-reports/
539551,NH,A,1222.05,1236.25,1218.95,1223.05,11762,144.41,1214,https://www.bseindia.com/stock-share-price/nh/nh/539551/financials-annual-reports/
533248,GPPL,A,214.0,215.4,210.45,211.75,66622,141.86,1357,https://www.bseindia.com/stock-share-price/gppl/gppl/533248/financials-annual-reports/
513377,MMTC,A,85.5,86.41,84.4,84.76,164903,140.67,1712,https://www.bseindia.com/stock-share-price/mmtc/mmtc/513377/financials-annual-reports/
540691,ABCAPITAL,A,225.65,227.4,223.5,224.35,62274,140.29,856,https://www.bseindia.com/stock-share-price/abcapital/abcapital/540691/financials-annual-reports/
543318,CLEAN,A,1579.95,1580.0,1544.5,1555.5,8984,139.93,1402,https://www.bseindia.com/stock-share-price/clean/clean/543318/financials-annual-reports/
532321,ZYDUSLIFE,A,1069.0,1070.0,1048.0,1057.0,13063,138.2,1151,https://www.bseindia.com/stock-share-price/zyduslife/zyduslife/532321/financials-annual-reports/
524494,IPCALAB,A,1621.0,1625.75,1583.6,1592.4,8481,136.07,1315,https://www.bseindia.com/stock-share-price/ipcalab/ipcalab/524494/financials-annual-reports/
530005,INDIACEM,A,358.6,364.15,358.6,362.3,37280,135.02,870,https://www.bseindia.com/stock-share-price/indiacem/indiacem/530005/financials-annual-reports/
532798,NETWORK18,A,77.69,78.43,76.02,76.28,174103,134.46,1691,https://www.bseindia.com/stock-share-price/network18/network18/532798/financials-annual-reports/
543300,SONACOMS,A,686.05,686.05,665.0,670.1,19789,132.93,993,https://www.bseindia.com/stock-share-price/sonacoms/sonacoms/543300/financials-annual-reports/
532644,JKCEMENT,A,4383.05,4383.05,4245.0,4254.3,3086,132.23,740,https://www.bseindia.com/stock-share-price/jkcement/jkcement/532644/financials-annual-reports/
532885,CENTRALBK,A,58.34,58.34,56.83,57.04,223582,128.79,1773,https://www.bseindia.com/stock-share-price/centralbk/centralbk/532885/financials-annual-reports/
500110,CHENNPETRO,A,934.0,934.0,901.65,905.6,14047,128.11,1015,https://www.bseindia.com/stock-share-price/chennpetro/chennpetro/500110/financials-annual-reports/
539177,AIIL,A,1830.0,1836.85,1809.95,1829.55,7024,128.06,832,https://www.bseindia.com/stock-share-price/aiil/aiil/539177/financials-annual-reports/
543330,DEVYANI,A,181.95,183.45,177.65,180.15,70478,127.44,1773,https://www.bseindia.com/stock-share-price/devyani/devyani/543330/financials-annual-reports/
539524,LALPATHLAB,A,3645.0,3645.0,3490.55,3526.45,3544,125.85,683,https://www.bseindia.com/stock-share-price/lalpathlab/lalpathlab/539524/financials-annual-reports/
520056,TVSHLTD,A,12979.0,13449.95,12667.3,13345.45,960,125.51,480,https://www.bseindia.com/stock-share-price/tvshltd/tvshltd/520056/financials-annual-reports/
500380,JKLAKSHMI,A,815.0,822.0,810.0,813.1,15290,124.63,1056,https://www.bseindia.com/stock-share-price/jklakshmi/jklakshmi/500380/financials-annual-reports/
532689,PVRINOX,A,1596.75,1625.6,1589.05,1609.95,7746,124.32,990,https://www.bseindia.com/stock-share-price/pvrinox/pvrinox/532689/financials-annual-reports/
504973,CHOLAHLDNG,A,1990.0,1990.0,1886.0,1890.25,6392,122.35,699,https://www.bseindia.com/stock-share-price/cholahldng/cholahldng/504973/financials-annual-reports/
532527,RKFORGE,A,925.0,975.5,924.6,967.55,12670,121.15,667,https://www.bseindia.com/stock-share-price/rkforge/rkforge/532527/financials-annual-reports/
526299,MPHASIS,A,2929.7,2930.0,2845.0,2853.5,4162,120.29,873,https://www.bseindia.com/stock-share-price/mphasis/mphasis/526299/financials-annual-reports/
543412,STARHEALTH,A,577.5,577.5,562.95,567.2,21165,119.91,1027,https://www.bseindia.com/stock-share-price/starhealth/starhealth/543412/financials-annual-reports/
543415,ANANDRATHI,A,4193.95,4193.95,4026.0,4055.7,2941,119.84,833,https://www.bseindia.com/stock-share-price/anandrathi/anandrathi/543415/financials-annual-reports/
543653,BIKAJI,A,862.65,869.85,847.8,852.8,13929,119.04,813,https://www.bseindia.com/stock-share-price/bikaji/bikaji/543653/financials-annual-reports/
533272,JWL,A,504.65,509.9,492.7,501.5,23517,118.02,922,https://www.bseindia.com/stock-share-price/jwl/jwl/533272/financials-annual-reports/
511243,CHOLAFIN,A,1565.0,1583.65,1511.3,1517.8,7540,115.98,944,https://www.bseindia.com/stock-share-price/cholafin/cholafin/511243/financials-annual-reports/
523642,PIIND,A,4632.95,4655.85,4529.35,4559.95,2508,115.2,670,https://www.bseindia.com/stock-share-price/piind/piind/523642/financials-annual-reports/
509930,SUPREMEIND,A,5440.0,5447.6,5291.6,5312.55,2151,114.97,428,https://www.bseindia.com/stock-share-price/supremeind/supremeind/509930/financials-annual-reports/
543663,FIVESTAR,A,796.0,814.2,796.0,806.5,14197,114.76,785,https://www.bseindia.com/stock-share-price/fivestar/fivestar/543663/financials-annual-reports/
540596,ERIS,A,1415.05,1438.9,1390.0,1393.75,8142,114.49,895,https://www.bseindia.com/stock-share-price/eris/eris/540596/financials-annual-reports/
500680,PFIZER,A,5779.95,5830.0,5711.0,5744.85,1989,114.25,458,https://www.bseindia.com/stock-share-price/pfizer/pfizer/500680/financials-annual-reports/
532331,AJANTPHARM,A,3330.0,3367.8,3302.15,3340.45,3401,113.75,695,https://www.bseindia.com/stock-share-price/ajantpharm/ajantpharm/532331/financials-annual-reports/
532175,CYIENT,A,1865.0,1911.95,1850.95,1860.15,6057,113.67,861,https://www.bseindia.com/stock-share-price/cyient/cyient/532175/financials-annual-reports/
500144,FINCABLES,A,1313.9,1319.9,1291.05,1300.35,8714,113.34,1069,https://www.bseindia.com/stock-share-price/fincables/fincables/500144/financials-annual-reports/
532929,BRIGADE,A,1330.1,1375.0,1300.0,1304.25,8528,113.17,1015,https://www.bseindia.com/stock-share-price/brigade/brigade/532929/financials-annual-reports/
500710,AKZOINDIA,A,4329.0,4329.0,4155.2,4211.8,2660,112.48,958,https://www.bseindia.com/stock-share-price/akzoindia/akzoindia/500710/financials-annual-reports/
533573,APLLTD,A,1232.0,1245.05,1184.6,1190.65,9256,111.44,899,https://www.bseindia.com/stock-share-price/aplltd/aplltd/533573/financials-annual-reports/
506943,JBCHEPHARM,A,1790.0,1844.0,1790.0,1815.55,6119,111.4,857,https://www.bseindia.com/stock-share-price/jbchepharm/jbchepharm/506943/financials-annual-reports/
500331,PIDILITIND,A,3179.0,3190.45,3128.95,3139.3,3475,109.5,930,https://www.bseindia.com/stock-share-price/pidilitind/pidilitind/500331/financials-annual-reports/
500300,GRASIM,A,2710.05,2736.2,2710.05,2721.2,3972,108.15,726,https://www.bseindia.com/stock-share-price/grasim/grasim/500300/financials-annual-reports/
533293,KIRLOSENG,A,1167.2,1181.95,1151.15,1159.05,9201,107.15,1080,https://www.bseindia.com/stock-share-price/kirloseng/kirloseng/533293/financials-annual-reports/
543258,INDIGOPNTS,A,1479.0,1485.5,1455.6,1468.4,7109,104.68,814,https://www.bseindia.com/stock-share-price/indigopnts/indigopnts/543258/financials-annual-reports/
533398,MUTHOOTFIN,A,1950.0,1966.6,1928.0,1943.55,5379,104.68,1223,https://www.bseindia.com/stock-share-price/muthootfin/muthootfin/533398/financials-annual-reports/
543276,CRAFTSMAN,A,6343.8,6343.8,6176.95,6244.8,1671,104.21,376,https://www.bseindia.com/stock-share-price/craftsman/craftsman/543276/financials-annual-reports/
532942,KNRCON,A,321.9,326.75,320.1,322.0,32187,104.17,1271,https://www.bseindia.com/stock-share-price/knrcon/knrcon/532942/financials-annual-reports/
509480,BERGEPAINT,A,576.0,581.25,571.9,573.05,18064,104.1,741,https://www.bseindia.com/stock-share-price/bergepaint/bergepaint/509480/financials-annual-reports/
500210,INGERRAND,A,4249.45,4469.3,4249.45,4403.05,2356,103.81,643,https://www.bseindia.com/stock-share-price/ingerrand/ingerrand/500210/financials-annual-reports/
500265,MAHSEAMLES,A,627.65,632.35,619.05,624.45,16113,100.74,1008,https://www.bseindia.com/stock-share-price/mahseamles/mahseamles/500265/financials-annual-reports/
539268,SYNGENE,A,895.0,901.75,874.05,880.7,11295,100.49,867,https://www.bseindia.com/stock-share-price/syngene/syngene/539268/financials-annual-reports/
500042,BASF,A,8400.0,8400.0,8097.0,8117.95,1215,100.24,461,https://www.bseindia.com/stock-share-price/basf/basf/500042/financials-annual-reports/
533155,JUBLFOOD,A,630.4,634.5,620.0,623.65,15969,99.76,734,https://www.bseindia.com/stock-share-price/jublfood/jublfood/533155/financials-annual-reports/
544014,HONASA,B,429.05,433.15,422.5,423.55,23361,99.61,751,https://www.bseindia.com/stock-share-price/honasa/honasa/544014/financials-annual-reports/
532144,WELCORP,A,701.0,714.35,696.05,697.7,14137,99.39,504,https://www.bseindia.com/stock-share-price/welcorp/welcorp/532144/financials-annual-reports/
543425,MAPMYINDIA,A,2146.9,2146.9,2082.2,2117.45,4679,98.35,910,https://www.bseindia.com/stock-share-price/mapmyindia/mapmyindia/543425/financials-annual-reports/
539336,GUJGASLTD,A,600.05,605.3,591.3,602.95,16291,98.22,1101,https://www.bseindia.com/stock-share-price/gujgasltd/gujgasltd/539336/financials-annual-reports/
543498,MSUMI,A,66.8,67.27,65.9,65.97,146179,97.04,1463,https://www.bseindia.com/stock-share-price/msumi/msumi/543498/financials-annual-reports/
532522,PETRONET,A,352.5,359.0,350.0,352.0,27024,95.8,694,https://www.bseindia.com/stock-share-price/petronet/petronet/532522/financials-annual-reports/
532210,CUB,A,154.95,156.85,153.75,154.15,61417,95.11,1445,https://www.bseindia.com/stock-share-price/cub/cub/532210/financials-annual-reports/
500109,MRPL,A,179.5,179.5,175.35,175.85,52925,93.4,1538,https://www.bseindia.com/stock-share-price/mrpl/mrpl/500109/financials-annual-reports/
543066,SBICARD,A,742.25,744.05,734.7,737.05,12552,92.81,866,https://www.bseindia.com/stock-share-price/sbicard/sbicard/543066/financials-annual-reports/
513683,NLCINDIA,A,275.0,276.85,269.25,269.85,33931,92.63,764,https://www.bseindia.com/stock-share-price/nlcindia/nlcindia/513683/financials-annual-reports/
532388,IOB,A,55.11,55.46,54.25,54.52,167958,92.15,1046,https://www.bseindia.com/stock-share-price/iob/iob/532388/financials-annual-reports/
501425,BBTC,A,2655.05,2741.2,2655.05,2692.0,3400,91.93,547,https://www.bseindia.com/stock-share-price/bbtc/bbtc/501425/financials-annual-reports/
542920,SUMICHEM,A,537.5,552.0,537.5,544.05,16799,91.75,722,https://www.bseindia.com/stock-share-price/sumichem/sumichem/542920/financials-annual-reports/
540767,NAM-INDIA,A,657.95,657.95,639.2,641.7,14111,90.96,1066,https://www.bseindia.com/stock-share-price/nam-india/nam-india/540767/financials-annual-reports/
543227,HAPPSTMNDS,A,805.1,812.0,801.2,808.45,11230,90.61,612,https://www.bseindia.com/stock-share-price/happstmnds/happstmnds/543227/financials-annual-reports/
543064,SUVENPHAR,A,1230.0,1230.0,1186.0,1188.55,7464,89.83,632,https://www.bseindia.com/stock-share-price/suvenphar/suvenphar/543064/financials-annual-reports/
500043,BATAINDIA,A,1419.95,1419.95,1388.4,1393.75,6349,89.15,930,https://www.bseindia.com/stock-share-price/bataindia/bataindia/500043/financials-annual-reports/
539523,ALKEM,A,6332.35,6332.35,6075.0,6136.0,1442,88.65,448,https://www.bseindia.com/stock-share-price/alkem/alkem/539523/financials-annual-reports/
524742,CAPLIPOINT,A,1908.0,1925.9,1882.25,1888.7,4640,88.24,560,https://www.bseindia.com/stock-share-price/caplipoint/caplipoint/524742/financials-annual-reports/
543243,EQUITASBNK,A,76.5,76.5,73.5,74.17,116331,86.77,1153,https://www.bseindia.com/stock-share-price/equitasbnk/equitasbnk/543243/financials-annual-reports/
506395,COROMANDEL,A,1619.65,1646.05,1609.1,1627.35,5324,86.62,1175,https://www.bseindia.com/stock-share-price/coromandel/coromandel/506395/financials-annual-reports/
506820,ASTRAZEN,A,7864.4,7864.4,7713.0,7742.4,1111,86.32,401,https://www.bseindia.com/stock-share-price/astrazen/astrazen/506820/financials-annual-reports/
500038,BALRAMCHIN,A,661.9,661.9,648.85,655.15,13080,85.77,740,https://www.bseindia.com/stock-share-price/balramchin/balramchin/500038/financials-annual-reports/
532181,GMDCLTD,A,329.2,333.25,324.9,326.25,25853,84.94,809,https://www.bseindia.com/stock-share-price/gmdcltd/gmdcltd/532181/financials-annual-reports/
532725,SOLARINDS,A,11300.0,11397.35,11238.65,11294.15,748,84.5,238,https://www.bseindia.com/stock-share-price/solarinds/solarinds/532725/financials-annual-reports/
533023,ZFCVINDIA,A,15262.2,15317.9,14800.0,14855.55,564,84.44,327,https://www.bseindia.com/stock-share-price/zfcvindia/zfcvindia/533023/financials-annual-reports/
523610,ITI,A,248.9,249.2,245.25,246.05,34150,84.31,1168,https://www.bseindia.com/stock-share-price/iti/iti/523610/financials-annual-reports/
532702,GSPL,A,410.85,415.4,408.0,410.15,20436,84.16,446,https://www.bseindia.com/stock-share-price/gspl/gspl/532702/financials-annual-reports/